ni,z0,zi,a,eps,p,f_cross,peak_cross_over_peak_total,throughput,hwhm_x,hwhm_y,ellipticity,energy_total
1.33,-10.0,6.0,3.396958656471759,0.0,0,0.0011407208371735445,0.00044825748501892403,0.23871077347811553,0.5641409773694099,0.5866623646648736,0.961610990150478,341.63483851140853
1.5,-10.0,6.0,3.6831655279934608,0.0,0,0.002147630847901292,0.0008435651935697847,0.21958054264420002,0.5133841087885557,0.5417097349447144,0.9477106938847064,369.4417203604052
1.8,-10.0,6.0,4.070244931914078,0.0,0,0.004172394849450678,0.0016354448881920395,0.1861899939924524,0.45605120854059433,0.49142269776355996,0.9280222721011067,382.5665863507041
2.2,-10.0,6.0,4.444195556045657,0.0,0,0.007018061464532175,0.002745795962320551,0.1497857986375908,0.4102210358860806,0.4518256371648366,0.9079189008843744,366.91593239190485
2.6,-10.0,6.0,4.717312199009932,0.0,0,0.009805397174289398,0.003832998853174815,0.12253071002249168,0.3810577037722323,0.4270472777338191,0.8923080034472146,338.17679078093767
3.0,-10.0,6.0,4.927843585470479,0.0,0,0.01244126102091397,0.004860977894828441,0.10193736096823719,0.3606773046080164,0.40996268066692876,0.8797808230282456,307.01304167357955
1.5,-3.0,3.0,1.6885087630711644,0.0,0,0.00240837555178695,0.0009513737195375509,0.19786488970072103,1.1328588922183127,1.1994895074482164,0.9444508561215738,69.96566792904142
1.5,-3.0,6.0,2.873078745535901,0.0,0,0.002915206084759454,0.0011508290429717472,0.1626883817760619,0.6789578369334188,0.7231687252519985,0.9388650438344471,166.55635479101238
1.5,-3.0,10.0,4.122836422526396,0.0,0,0.0034102587259530227,0.0013327590938712677,0.13488072359737338,0.481425956703882,0.5153867149673297,0.9341062598681837,284.3489996682918
1.5,-5.0,3.0,1.8410193070043819,0.0,0,0.002147524259035744,0.0008434558293266852,0.21971340104405332,1.0268172308513717,1.0834652299332694,0.9477159049345896,92.35976989563477
1.5,-5.0,6.0,3.2524625479921956,0.0,0,0.0025236981090809678,0.000997684416303481,0.18912872936629696,0.590903502529647,0.6265611608387605,0.9430899000164971,248.13711182666472
1.5,-5.0,10.0,4.788425721509765,0.0,0,0.002915204324903355,0.0011508266439535617,0.1626910025111985,0.4073751568614645,0.4339016577940901,0.9388651772673939,462.65648575430913
1.5,-10.0,3.0,1.9933271908269288,0.0,0,0.0019165787983553093,0.0007453749529266752,0.2414741194636166,0.9378382707273112,0.9863728384559635,0.9507949065136194,118.9973753258807
1.5,-10.0,6.0,3.6831655279934608,0.0,0,0.002147630847901292,0.0008435651935697847,0.21958054264420002,0.5133841087885557,0.5417097349447144,0.9477106938847064,369.4417203604052
1.5,-10.0,10.0,5.628242807579957,0.0,0,0.0024083694379182447,0.000951367025332844,0.1978732274653888,0.3398587495216207,0.3598478300161898,0.9444512962780135,777.3959915701356
1.5,-10.0,6.0,3.6831655279934608,0.0,0,0.002147630847901292,0.0008435651935697847,0.21958054264420002,0.5133841087885557,0.5417097349447144,0.9477106938847064,369.4417203604052
1.5,-10.0,6.0,3.6831655279934608,0.0,2,0.005832697715098441,0.002080937477128797,0.07499992412019865,0.4122526938712292,0.4393589494255048,0.9383049882340645,42.0623825590472
1.5,-10.0,6.0,3.6831655279934608,0.0,4,0.008237232995178612,0.0031067353182340656,0.040271165660784744,0.37453069955495305,0.40179692611274503,0.9321392853310654,13.55136139588436
1.5,-10.0,6.0,3.6831655279934608,0.0,8,0.011009804889778926,0.004521317146680043,0.018621756147713865,0.342181133114514,0.3701367978272139,0.924472073901309,3.4813910621294966
1.5,-10.0,6.0,3.6831655279934608,0.3,0,0.00284039301560719,0.0011913541922001772,0.18075244505056298,0.47001851184652815,0.4963099105542904,0.9470262468093789,276.8739796775055
1.5,-10.0,6.0,3.6831655279934608,0.3,2,0.005869792391263244,0.0021661763865664443,0.07456490055690125,0.4081137569009113,0.43496883348614634,0.9382597682459233,41.788355593380345
1.5,-10.0,6.0,3.6831655279934608,0.3,4,0.008238452502629572,0.0031207262900867926,0.04026508887191505,0.37410906959881857,0.4013465884366115,0.9321346695784988,13.549238424371808
1.5,-10.0,6.0,3.6831655279934608,0.3,8,0.0110098145003962,0.004521539895004471,0.01862173864160343,0.34217691347011303,0.37013226111430814,0.9244720047908452,3.4813877880199504
1.5,-10.0,6.0,3.6831655279934608,0.5,0,0.00440875161656735,0.00204781747217027,0.12615066671863945,0.4151958255258082,0.4405634664670338,0.9424200078489172,159.3368820176568
1.5,-10.0,6.0,3.6831655279934608,0.5,2,0.006363071483501949,0.002667258507676172,0.06882193268028075,0.38895530143975204,0.41529240689291264,0.936581779449794,37.999638298384745
1.5,-10.0,6.0,3.6831655279934608,0.5,4,0.008322828849744113,0.003342348929804403,0.039824130076758786,0.36819212665529494,0.3952268151843794,0.9315970286164101,13.38803215761724
1.5,-10.0,6.0,3.6831655279934608,0.5,8,0.01101193785228908,0.0045488500608448475,0.018616911595693994,0.34169867898651,0.3696329154382873,0.9244270862115874,3.480472421466068
1.5,-10.0,6.0,3.6831655279934608,0.7,0,0.007609141139931171,0.003744045476968124,0.06352469281206752,0.3603059033075642,0.38663752571997756,0.9318958438827687,54.61545519603185
1.5,-10.0,6.0,3.6831655279934608,0.7,2,0.0084390143637371,0.0040227511100647305,0.046883703927429236,0.35347903620237686,0.380248722118467,0.9295995374634027,23.219369406511678
1.5,-10.0,6.0,3.6831655279934608,0.7,4,0.009375260330609732,0.004325424977474593,0.033626279767266634,0.34683415599834166,0.37404765445524857,0.9272459053471681,10.998964544484833
1.5,-10.0,6.0,3.6831655279934608,0.7,8,0.011188101883258845,0.004961265054531512,0.01816368432758693,0.3349694075811947,0.3629002675193446,0.9230343363231027,3.3903247834291967
1.5,-10.0,6.0,3.6831655279934608,0.85,0,0.011778069146024184,0.005773720963924795,0.0224355840011515,0.3233279084602185,0.35159767787502755,0.9195962567623747,10.520798238987075
1.5,-10.0,6.0,3.6831655279934608,0.85,2,0.011995075847103593,0.005863932398039297,0.02010136395409502,0.3219896904361357,0.3503767364082036,0.9189813619960321,7.043130918094235
1.5,-10.0,6.0,3.6831655279934608,0.85,4,0.012227131826707288,0.005956909282381222,0.017733921410440487,0.3206312167769952,0.34913591824335444,0.9183564337643114,4.802529535551112
1.5,-10.0,6.0,3.6831655279934608,0.85,8,0.012724646990416826,0.0061552246826227395,0.013367484258971158,0.31789899603094307,0.3466360451196115,0.9170973431838217,2.3670476947733303
1.5,-10.0,6.0,3.6831655279934608,0.95,0,0.015618256987743639,0.007627587112749037,0.002865827079158434,0.30113354905935236,0.3312449928663224,0.9090961540387061,0.476661549432941
1.5,-10.0,6.0,3.6831655279934608,0.95,2,0.015646130725761997,0.007641277685419744,0.002808748301326364,0.3009941865036049,0.3311200631741974,0.9090182685343844,0.4225161624234738
1.5,-10.0,6.0,3.6831655279934608,0.95,4,0.015674292264000134,0.007655099295557862,0.0027477258386308283,0.30085374245245766,0.3309941482516968,0.908939762353987,0.3751763084344178
1.5,-10.0,6.0,3.6831655279934608,0.95,8,0.01573136837065062,0.007683087106197838,0.002615615354242553,0.30057012687913376,0.3307398242516501,0.9087811773475422,0.29738783017362613
2.2,-10.0,6.0,4.444195556045657,0.0,0,0.007018061464532175,0.002745795962320551,0.1497857986375908,0.4102210358860806,0.4518256371648366,0.9079189008843744,366.91593239190485
2.2,-10.0,6.0,4.444195556045657,0.0,2,0.018836879126891058,0.006822355689760432,0.057092178529132245,0.330313913588123,0.3707644067723794,0.8908997399820803,46.61798600735184
2.2,-10.0,6.0,4.444195556045657,0.0,4,0.02648864794807805,0.010261280808618435,0.032521675744191014,0.3002571623178149,0.3413265189560803,0.8796772171002923,15.933291046956265
2.2,-10.0,6.0,4.444195556045657,0.0,8,0.03525823170506972,0.015115234532752809,0.016043980036642917,0.27427163088203405,0.31680458998402117,0.8657438672080717,4.367049701732763
2.2,-10.0,6.0,4.444195556045657,0.3,0,0.009052323959504888,0.0038078263106984538,0.1268027644642226,0.37737024980754275,0.4161566235619023,0.9067986148522993,282.79422163888563
2.2,-10.0,6.0,4.444195556045657,0.3,2,0.018937448818745015,0.007080186926310658,0.05682227053803504,0.32725330636915995,0.3673770822450559,0.8907831277043795,46.36425323008235
2.2,-10.0,6.0,4.444195556045657,0.3,4,0.02649196412998631,0.010303245179018065,0.032517574451849884,0.29995059387159084,0.3409832788391927,0.8796636447766906,15.931189860159266
2.2,-10.0,6.0,4.444195556045657,0.3,8,0.03525825910276934,0.015115896050240841,0.016043966707572292,0.27426862183630335,0.3168011591756721,0.865743744593486,4.367046072040547
2.2,-10.0,6.0,4.444195556045657,0.5,0,0.013787438875548626,0.006499956741919276,0.09272904489523091,0.33446061467544974,0.372082173227771,0.8988891130527473,170.5243480792607
2.2,-10.0,6.0,4.444195556045657,0.5,2,0.020347926284962493,0.008653014390194341,0.05312668568342697,0.31257867706005876,0.35202339142825007,0.8879485985060428,42.70799355987187
2.2,-10.0,6.0,4.444195556045657,0.5,4,0.026722830325281423,0.010996468681107676,0.032225673292771165,0.2954978633626288,0.3362624534712191,0.8787715081247411,15.773072369025176
2.2,-10.0,6.0,4.444195556045657,0.5,8,0.03526423771174521,0.015200313571677622,0.016040388951660888,0.27391509106955597,0.3164205365818333,0.8656678672900092,4.366056006044042
2.2,-10.0,6.0,4.444195556045657,0.7,0,0.023836775450959833,0.012144306900072769,0.05049448636501832,0.29013901921827767,0.32969582365225947,0.8800203047894729,63.20636138903967
2.2,-10.0,6.0,4.444195556045657,0.7,2,0.026682419334005267,0.013159294385176008,0.03801066554461233,0.2842932467035666,0.32471731933299863,0.8755099582847411,27.40803039154316
2.2,-10.0,6.0,4.444195556045657,0.7,4,0.02983446439073144,0.014260040388691494,0.02787278390099472,0.27866705517080637,0.319888798218192,0.8711372724615734,13.273858228990083
2.2,-10.0,6.0,4.444195556045657,0.7,8,0.03576436287375623,0.016552908095781436,0.015709447399021696,0.2686898107899478,0.31130431209457027,0.8631098264656331,4.269156879935844
2.2,-10.0,6.0,4.444195556045657,0.85,0,0.037278828989586156,0.01930794232383103,0.01965230617121505,0.25950254788832033,0.3027300302905908,0.8572078152908175,13.41740972299345
2.2,-10.0,6.0,4.444195556045657,0.85,2,0.03801498200746225,0.019645926145208693,0.01770023987718508,0.2583436984455728,0.3017998761378446,0.8560099551782999,9.029490247431271
2.2,-10.0,6.0,4.444195556045657,0.85,4,0.03879889710076095,0.019994288243315075,0.01570327410473946,0.2571691354861094,0.3008563049874746,0.8547905801635635,6.191549130330852
2.2,-10.0,6.0,4.444195556045657,0.85,8,0.04046696018423707,0.020740953440566343,0.011979422957897477,0.25481609625121915,0.2989734006995118,0.8523035683275595,3.088425099626623
2.2,-10.0,6.0,4.444195556045657,0.95,0,0.049798197850254626,0.02616814035556976,0.0027503067909418312,0.24073180817101386,0.28753433056357103,0.8372280544697963,0.6660167115791442
2.2,-10.0,6.0,4.444195556045657,0.95,2,0.04989054924201085,0.02622062627669219,0.0026974933279994167,0.2406106432077529,0.2874423962112508,0.8370743021183288,0.5907921688906519
2.2,-10.0,6.0,4.444195556045657,0.95,4,0.049983816090994684,0.026273609192851818,0.0026408328062201285,0.24048882066955404,0.28734976773663906,0.8369201846370244,0.5249848389504632
2.2,-10.0,6.0,4.444195556045657,0.95,8,0.05017272418755719,0.02638087852532404,0.0025176231525165936,0.2402434915684695,0.2871627712031926,0.8366108550974958,0.4167579420870936
3.0,-10.0,6.0,4.927843585470479,0.0,0,0.01244126102091397,0.004860977894828441,0.10193736096823719,0.3606773046080164,0.40996268066692876,0.8797808230282456,307.01304167357955
3.0,-10.0,6.0,4.927843585470479,0.0,2,0.032556348087290354,0.012039036016433831,0.042089118941374314,0.2907545201155127,0.33893605951537137,0.8578447525803211,42.25462327352215
3.0,-10.0,6.0,4.927843585470479,0.0,4,0.045097746901908826,0.018086659396143845,0.02518455656274481,0.2644028626523506,0.3135181467745118,0.8433414951336585,15.17030769995512
3.0,-10.0,6.0,4.927843585470479,0.0,8,0.05906598527937948,0.026611927415649616,0.013156920163848335,0.24155422820420486,0.292684240358325,0.8253065758117925,4.403092087731079
3.0,-10.0,6.0,4.927843585470479,0.3,0,0.015814356307187367,0.006669508406139664,0.0876533017165888,0.3326649830177099,0.3786967921455034,0.8784467941568751,240.3463861584045
3.0,-10.0,6.0,4.927843585470479,0.3,2,0.03271004628192016,0.012471173123505682,0.04191673087944787,0.2881853589128744,0.3360111840501771,0.8576659724214394,42.05131655039304
3.0,-10.0,6.0,4.927843585470479,0.3,4,0.0451027670376181,0.018155981058732458,0.025181744379729858,0.26414945917732763,0.31322287384914826,0.8433274873295015,15.168526287518906
3.0,-10.0,6.0,4.927843585470479,0.3,8,0.05906602721259744,0.026612997272287085,0.013156910172432867,0.24155179771206353,0.2926813556999948,0.8253064057816506,4.403088742372476
3.0,-10.0,6.0,4.927843585470479,0.5,0,0.023613810840256443,0.011267412890492712,0.0661415269447983,0.29546100107982665,0.3402075565894672,0.8684727759776458,149.5451509585707
3.0,-10.0,6.0,4.927843585470479,0.5,2,0.034897040062158935,0.015135964502475476,0.039536054146024874,0.27568254938144127,0.3227523391399657,0.8541612746046993,39.07664554683765
3.0,-10.0,6.0,4.927843585470479,0.5,4,0.04544357874616719,0.01931738543126332,0.024989300224878636,0.26039949906374465,0.30918606934635323,0.8422096752749963,15.038201446491966
3.0,-10.0,6.0,4.927843585470479,0.5,8,0.05907489521102325,0.02675170377837254,0.013154307738609452,0.24126098177759625,0.29236225631038043,0.8252124772271098,4.402201450110469
3.0,-10.0,6.0,4.927843585470479,0.7,0,0.0400478945989831,0.02106656205659349,0.0383363532696465,0.25637503424384844,0.30364699101534887,0.8443193637011509,59.00042456986308
3.0,-10.0,6.0,4.927843585470479,0.7,2,0.04491474683892725,0.022914695986895064,0.029410721066245562,0.2510091273078946,0.2993817512817549,0.8384249415110951,26.073872224844344
3.0,-10.0,6.0,4.927843585470479,0.7,4,0.05019167234992434,0.024912906999061835,0.022026364186308194,0.24585794399950675,0.2952861601315295,0.8326090998981941,12.896953979740161
3.0,-10.0,6.0,4.927843585470479,0.7,8,0.059802256351878504,0.02903703283821833,0.012920853932015176,0.2368258396579995,0.28807275647265523,0.8221042578196031,4.317177749652136
3.0,-10.0,6.0,4.927843585470479,0.85,0,0.061700485539786916,0.03373815894783166,0.016301560786566124,0.2289384090602393,0.28097421030406927,0.8148022155217839,13.683961872244982
3.0,-10.0,6.0,4.927843585470479,0.85,2,0.06291949709418058,0.03435681098184655,0.014760818921684996,0.22786679619597083,0.2802104038807937,0.8131989142448446,9.258103702914754
3.0,-10.0,6.0,4.927843585470479,0.85,4,0.06421099722933801,0.03499376465730181,0.013170073316688692,0.22678396298500691,0.2794378121728375,0.8115722107240692,6.3844694320314295
3.0,-10.0,6.0,4.927843585470479,0.85,8,0.06693493482974983,0.03636336273008109,0.01016911983812602,0.22462167019634555,0.2778927545336831,0.8083034427193724,3.223384009573799
3.0,-10.0,6.0,4.927843585470479,0.95,0,0.08152950742155175,0.04609148530806628,0.002496891169234407,0.21191292597654718,0.26868821727239006,0.7886945253044522,0.7434146344618212
3.0,-10.0,6.0,4.927843585470479,0.95,2,0.08167636535414531,0.04618806007514388,0.002450748813258965,0.21180126911234917,0.2686161104668623,0.7884905664974177,0.659934235943683
3.0,-10.0,6.0,4.927843585470479,0.95,4,0.08182459656857412,0.04628552638143943,0.0024010577346347556,0.21168882793240243,0.26854349442301384,0.7882850723575785,0.5868619677812178
3.0,-10.0,6.0,4.927843585470479,0.95,8,0.08212457621263461,0.04648278506898721,0.0022924911027225963,0.21146201596773423,0.2683970065420574,0.7878702474820577,0.46658237268199726
